duration_min,num_activities,activity_distribution,missing_rates,time_gaps,subject
4.8501666666666665,5,"{0: 9086, 9: 7646, 11: 4975, 19: 4931, 18: 2463}","{3: 0.0, 4: 0.0, 5: 0.0}",0,subject101.dat
2.3553333333333333,3,"{10: 10132, 19: 2601, 0: 1399}","{3: 0.0, 4: 0.0, 5: 0.0}",1,subject105.dat
1.9725,4,"{10: 5628, 19: 2615, 18: 1985, 0: 1607}","{3: 0.0, 4: 0.0, 5: 0.0}",2,subject106.dat
2.726166666666667,5,"{10: 6263, 19: 3795, 0: 2553, 18: 2146, 20: 1600}","{3: 0.0, 4: 0.0, 5: 0.0}",6,subject108.dat
2.9266666666666667,5,"{10: 6247, 0: 3126, 19: 3104, 20: 2591, 18: 2492}","{3: 0.0, 4: 0.0, 5: 0.0}",7,subject109.dat
